,Lon,Lat,Depth
59907494,-5.44374999999999,56.0020833333333,-3.35199999809265
59907495,-5.43958333333333,56.0020833333333,-7.5310001373291
59907496,-5.43541666666667,56.0020833333333,-8.0600004196167
59907497,-5.43125000000001,56.0020833333333,-10.5059995651245
59907498,-5.42708333333334,56.0020833333333,-13.2110004425049
59907499,-5.42291666666668,56.0020833333333,-13.4709997177124
59907500,-5.41874999999999,56.0020833333333,-11.7869997024536
59907501,-5.41458333333333,56.0020833333333,-12.3170003890991
59907502,-5.41041666666666,56.0020833333333,-9.57299995422363
59907505,-5.39791666666667,56.0020833333333,-4.26300001144409
59907506,-5.39375000000001,56.0020833333333,-9.34099960327148
59907507,-5.38958333333335,56.0020833333333,-8.95600032806396
59907508,-5.38541666666666,56.0020833333333,-8.1269998550415
59907509,-5.38124999999999,56.0020833333333,-7.77799987792969
59907510,-5.37708333333333,56.0020833333333,-7.625
59907511,-5.37291666666667,56.0020833333333,-9.625
59907512,-5.36875000000001,56.0020833333333,-24.25
59907513,-5.36458333333334,56.0020833333333,-33.9749984741211
59907514,-5.36041666666668,56.0020833333333,-39.4749984741211
59907515,-5.35624999999999,56.0020833333333,-39.9500007629395
59907516,-5.35208333333333,56.0020833333333,-25.1000003814697
59907517,-5.34791666666666,56.0020833333333,-7.93499994277954
59907518,-5.34375,56.0020833333333,-7.9210000038147
59907519,-5.33958333333334,56.0020833333333,-3.08699989318848
59907521,-5.33125000000001,56.0020833333333,-3.73499989509583
59907570,-5.12708333333333,56.0020833333333,-0.490000009536743
59907571,-5.12291666666667,56.0020833333333,-8.90999984741211
59917095,-5.43958333333333,56.00625,-1.08899998664856
59917096,-5.43541666666667,56.00625,-3.9760000705719
59917097,-5.43125000000001,56.00625,-5.63100004196167
59917098,-5.42708333333334,56.00625,-6.43800020217896
59917099,-5.42291666666668,56.00625,-5.60799980163574
59917100,-5.41874999999999,56.00625,-3.08200001716614
59917101,-5.41458333333333,56.00625,-3.26300001144409
59917108,-5.38541666666666,56.00625,-0.123999997973442
59917109,-5.38124999999999,56.00625,-10.0059995651245
59917110,-5.37708333333333,56.00625,-10.4630002975464
59917111,-5.37291666666667,56.00625,-11.9499998092651
59917112,-5.36875000000001,56.00625,-13.8500003814697
59917113,-5.36458333333334,56.00625,-28
59917114,-5.36041666666668,56.00625,-39.875
59917115,-5.35624999999999,56.00625,-37.173999786377
59917116,-5.35208333333333,56.00625,-9.78299999237061
59917117,-5.34791666666666,56.00625,-8.91600036621094
59917118,-5.34375,56.00625,-10.8199996948242
59917119,-5.33958333333334,56.00625,-11.0129995346069
59917120,-5.33541666666667,56.00625,-13.6499996185303
59917121,-5.33125000000001,56.00625,-15.3999996185303
59917122,-5.32708333333335,56.00625,-12.3000001907349
59926695,-5.43958333333333,56.0104166666667,-1.43499994277954
59926696,-5.43541666666667,56.0104166666667,-3.94700002670288
59926697,-5.43125000000001,56.0104166666667,-1.50600004196167
59926710,-5.37708333333333,56.0104166666667,-9.88300037384033
59926711,-5.37291666666667,56.0104166666667,-9.73600006103516
59926712,-5.36875000000001,56.0104166666667,-10.6000003814697
59926713,-5.36458333333334,56.0104166666667,-30.4500007629395
59926714,-5.36041666666668,56.0104166666667,-56.6749992370605
59926715,-5.35624999999999,56.0104166666667,-55.7750015258789
59926716,-5.35208333333333,56.0104166666667,-21.2900009155273
59926717,-5.34791666666666,56.0104166666667,-19.1119995117188
59926718,-5.34375,56.0104166666667,-17.9150009155273
59926719,-5.33958333333334,56.0104166666667,-16.2639999389648
59926720,-5.33541666666667,56.0104166666667,-15.8249998092651
59926721,-5.33125000000001,56.0104166666667,-18.0249996185303
59926722,-5.32708333333335,56.0104166666667,-13.9750003814697
59926723,-5.32291666666666,56.0104166666667,-12.6499996185303
59926724,-5.31874999999999,56.0104166666667,-4.2810001373291
59936294,-5.44374999999999,56.0145833333333,-1.60899996757507
59936295,-5.43958333333333,56.0145833333333,-9.25500011444092
59936296,-5.43541666666667,56.0145833333333,-4.28299999237061
59936312,-5.36875000000001,56.0145833333333,-11.2180004119873
59936313,-5.36458333333334,56.0145833333333,-12.5329999923706
59936314,-5.36041666666668,56.0145833333333,-22.2250003814697
59936315,-5.35624999999999,56.0145833333333,-25.8250007629395
59936316,-5.35208333333333,56.0145833333333,-37.7750015258789
59936317,-5.34791666666666,56.0145833333333,-47.7249984741211
59936318,-5.34375,56.0145833333333,-34.9500007629395
59936319,-5.33958333333334,56.0145833333333,-40.0499992370605
59936320,-5.33541666666667,56.0145833333333,-43.3499984741211
59936321,-5.33125000000001,56.0145833333333,-40.0740013122559
59936322,-5.32708333333335,56.0145833333333,-32.8689994812012
59936323,-5.32291666666666,56.0145833333333,-26.80299949646
59936324,-5.31874999999999,56.0145833333333,-8.31700038909912
59945895,-5.43958333333333,56.01875,-9.24400043487549
59945896,-5.43541666666667,56.01875,-1.86300003528595
59945912,-5.36875000000001,56.01875,-7.42700004577637
59945913,-5.36458333333334,56.01875,-8.70600032806396
59945914,-5.36041666666668,56.01875,-15.7749996185303
59945915,-5.35624999999999,56.01875,-16.4500007629395
59945916,-5.35208333333333,56.01875,-14.4409999847412
59945917,-5.34791666666666,56.01875,-20.7819995880127
59945918,-5.34375,56.01875,-27.0249996185303
59945919,-5.33958333333334,56.01875,-36.875
59945920,-5.33541666666667,56.01875,-39.9410018920898
59945921,-5.33125000000001,56.01875,-45.6030006408691
59945922,-5.32708333333335,56.01875,-50.8800010681152
59945923,-5.32291666666666,56.01875,-44.7809982299805
59945924,-5.31874999999999,56.01875,-29.3719997406006
59945925,-5.31458333333333,56.01875,-12.3009996414185
59955495,-5.43958333333333,56.0229166666667,-9.07699966430664
59955496,-5.43541666666667,56.0229166666667,-3.17600011825562
59955514,-5.36041666666668,56.0229166666667,-10.3500003814697
59955515,-5.35624999999999,56.0229166666667,-14.3229999542236
59955518,-5.34375,56.0229166666667,-18.8059997558594
59955519,-5.33958333333334,56.0229166666667,-23.5300006866455
59955520,-5.33541666666667,56.0229166666667,-33.9140014648438
59955521,-5.33125000000001,56.0229166666667,-48.2910003662109
59955522,-5.32708333333335,56.0229166666667,-55.3790016174316
59955523,-5.32291666666666,56.0229166666667,-50.3330001831055
59955524,-5.31874999999999,56.0229166666667,-41.2470016479492
59955525,-5.31458333333333,56.0229166666667,-35.2690010070801
59955526,-5.31041666666667,56.0229166666667,-32.3810005187988
59955527,-5.30625000000001,56.0229166666667,-5.81199979782104
59965095,-5.43958333333333,56.0270833333333,-4.2350001335144
59965096,-5.43541666666667,56.0270833333333,-3.30999994277954
59965119,-5.33958333333334,56.0270833333333,-15.2550001144409
59965120,-5.33541666666667,56.0270833333333,-21.3229999542236
59965121,-5.33125000000001,56.0270833333333,-31.0949993133545
59965122,-5.32708333333335,56.0270833333333,-39.4339981079102
59965123,-5.32291666666666,56.0270833333333,-39.3120002746582
59965124,-5.31874999999999,56.0270833333333,-38.3769989013672
59965125,-5.31458333333333,56.0270833333333,-44.1430015563965
59965126,-5.31041666666667,56.0270833333333,-50.0260009765625
59965127,-5.30625000000001,56.0270833333333,-29.8999996185303
59974720,-5.33541666666667,56.03125,-5.79500007629395
59974721,-5.33125000000001,56.03125,-13.8199996948242
59974722,-5.32708333333335,56.03125,-28.5839996337891
59974723,-5.32291666666666,56.03125,-37.5229988098145
59974724,-5.31874999999999,56.03125,-39.3559989929199
59974725,-5.31458333333333,56.03125,-46.9379997253418
59974726,-5.31041666666667,56.03125,-51.6160011291504
59974727,-5.30625000000001,56.03125,-39.4609985351562
59974728,-5.30208333333334,56.03125,-11.6309995651245
59984320,-5.33541666666667,56.0354166666667,-5.33599996566772
59984321,-5.33125000000001,56.0354166666667,-12.3999996185303
59984322,-5.32708333333335,56.0354166666667,-29.2999992370605
59984323,-5.32291666666666,56.0354166666667,-42.8580017089844
59984324,-5.31874999999999,56.0354166666667,-44.9420013427734
59984325,-5.31458333333333,56.0354166666667,-48.265998840332
59984326,-5.31041666666667,56.0354166666667,-51.8849983215332
59984327,-5.30625000000001,56.0354166666667,-43.3969993591309
59984328,-5.30208333333334,56.0354166666667,-20.3439998626709
59993920,-5.33541666666667,56.0395833333333,-12.4860000610352
59993921,-5.33125000000001,56.0395833333333,-20.6860008239746
59993922,-5.32708333333335,56.0395833333333,-32.3899993896484
59993923,-5.32291666666666,56.0395833333333,-39.9449996948242
59993924,-5.31874999999999,56.0395833333333,-41.1759986877441
59993925,-5.31458333333333,56.0395833333333,-40.9640007019043
59993926,-5.31041666666667,56.0395833333333,-43.5940017700195
59993927,-5.30625000000001,56.0395833333333,-42.3779983520508
59993928,-5.30208333333334,56.0395833333333,-31.4909992218018
59993929,-5.29791666666668,56.0395833333333,-16.181999206543
60003520,-5.33541666666667,56.04375,-12.8319997787476
60003521,-5.33125000000001,56.04375,-21.4570007324219
60003522,-5.32708333333335,56.04375,-30.5610008239746
60003523,-5.32291666666666,56.04375,-36.3120002746582
60003524,-5.31874999999999,56.04375,-37.6189994812012
60003525,-5.31458333333333,56.04375,-37.4729995727539
60003526,-5.31041666666667,56.04375,-41.9519996643066
60003527,-5.30625000000001,56.04375,-46.3950004577637
60003528,-5.30208333333334,56.04375,-45.7630004882812
60003529,-5.29791666666668,56.04375,-46.6349983215332
60013120,-5.33541666666667,56.0479166666667,-11.6359996795654
60013121,-5.33125000000001,56.0479166666667,-15.7360000610352
60013122,-5.32708333333335,56.0479166666667,-18.375
60013123,-5.32291666666666,56.0479166666667,-23.2450008392334
60013124,-5.31874999999999,56.0479166666667,-29.8920001983643
60013125,-5.31458333333333,56.0479166666667,-34.875
60013126,-5.31041666666667,56.0479166666667,-40.8050003051758
60013127,-5.30625000000001,56.0479166666667,-46.193000793457
60013128,-5.30208333333334,56.0479166666667,-50.1139984130859
60013129,-5.29791666666668,56.0479166666667,-53.9850006103516
60013130,-5.29374999999999,56.0479166666667,-28.6100006103516
60022720,-5.33541666666667,56.0520833333333,-4.00099992752075
60022721,-5.33125000000001,56.0520833333333,-10.1049995422363
60022722,-5.32708333333335,56.0520833333333,-10.1719999313354
60022723,-5.32291666666666,56.0520833333333,-13.5299997329712
60022724,-5.31874999999999,56.0520833333333,-21.3889999389648
60022725,-5.31458333333333,56.0520833333333,-29.0090007781982
60022726,-5.31041666666667,56.0520833333333,-37.560001373291
60022727,-5.30625000000001,56.0520833333333,-43.0859985351562
60022728,-5.30208333333334,56.0520833333333,-44.1360015869141
60022729,-5.29791666666668,56.0520833333333,-44.4160003662109
60022730,-5.29374999999999,56.0520833333333,-42.0530014038086
60022731,-5.28958333333333,56.0520833333333,-21.9029998779297
60032322,-5.32708333333335,56.05625,-3.59800004959106
60032323,-5.32291666666666,56.05625,-10.96399974823
60032324,-5.31874999999999,56.05625,-8.3120002746582
60032325,-5.31458333333333,56.05625,-12.1569995880127
60032326,-5.31041666666667,56.05625,-23.4769992828369
60032327,-5.30625000000001,56.05625,-27.0389995574951
60032328,-5.30208333333334,56.05625,-30.4669990539551
60032329,-5.29791666666668,56.05625,-35.9620018005371
60032330,-5.29374999999999,56.05625,-40.1609992980957
60032331,-5.28958333333333,56.05625,-36.2309989929199
60032332,-5.28541666666666,56.05625,-17.1940002441406
60041922,-5.32708333333335,56.0604166666667,-0.550000011920929
60041928,-5.30208333333334,56.0604166666667,-11.46399974823
60041929,-5.29791666666668,56.0604166666667,-23.871000289917
60041930,-5.29374999999999,56.0604166666667,-35.1529998779297
60041931,-5.28958333333333,56.0604166666667,-46.5769996643066
60041932,-5.28541666666666,56.0604166666667,-43.7200012207031
60041933,-5.28125,56.0604166666667,-24.7409992218018
60051522,-5.32708333333335,56.0645833333333,-4.35200023651123
60051529,-5.29791666666668,56.0645833333333,-9.78600025177002
60051530,-5.29374999999999,56.0645833333333,-33.8779983520508
60051531,-5.28958333333333,56.0645833333333,-50.8359985351562
60051532,-5.28541666666666,56.0645833333333,-56.4679985046387
60051533,-5.28125,56.0645833333333,-46.2109985351562
60051534,-5.27708333333334,56.0645833333333,-34.3160018920898
60051535,-5.27291666666667,56.0645833333333,-8.52400016784668
60061130,-5.29374999999999,56.06875,-22.3409996032715
60061131,-5.28958333333333,56.06875,-46.625
60061132,-5.28541666666666,56.06875,-54.257999420166
60061133,-5.28125,56.06875,-60.7900009155273
60061134,-5.27708333333334,56.06875,-68.0530014038086
60061135,-5.27291666666667,56.06875,-47.2779998779297
60061136,-5.26875000000001,56.06875,-15.2969999313354
60070731,-5.28958333333333,56.0729166666667,-34.5550003051758
60070732,-5.28541666666666,56.0729166666667,-44.0349998474121
60070733,-5.28125,56.0729166666667,-57.3530006408691
60070734,-5.27708333333334,56.0729166666667,-70.3000030517578
60070735,-5.27291666666667,56.0729166666667,-68.1009979248047
60070736,-5.26875000000001,56.0729166666667,-44.7869987487793
60070737,-5.26458333333335,56.0729166666667,-11.5139999389648
60080331,-5.28958333333333,56.0770833333333,-14.0120000839233
60080332,-5.28541666666666,56.0770833333333,-27.2800006866455
60080333,-5.28125,56.0770833333333,-40.0880012512207
60080334,-5.27708333333334,56.0770833333333,-47.0379981994629
60080335,-5.27291666666667,56.0770833333333,-49.3440017700195
60080336,-5.26875000000001,56.0770833333333,-43.5379981994629
60080337,-5.26458333333335,56.0770833333333,-32.7830009460449
60080338,-5.26041666666666,56.0770833333333,-22.4549999237061
60080339,-5.25624999999999,56.0770833333333,-8.67800045013428
60089932,-5.28541666666666,56.08125,-19.7479991912842
60089933,-5.28125,56.08125,-30.1140003204346
60089934,-5.27708333333334,56.08125,-32.4650001525879
60089935,-5.27291666666667,56.08125,-34.0299987792969
60089936,-5.26875000000001,56.08125,-34.6980018615723
60089937,-5.26458333333335,56.08125,-34.5639991760254
60089938,-5.26041666666666,56.08125,-35.4280014038086
60089939,-5.25624999999999,56.08125,-27.4850006103516
60089940,-5.25208333333333,56.08125,-8.22900009155273
60099532,-5.28541666666666,56.0854166666667,-2.83200001716614
60099533,-5.28125,56.0854166666667,-14.6630001068115
60099534,-5.27708333333334,56.0854166666667,-21.5330009460449
60099535,-5.27291666666667,56.0854166666667,-24.8819999694824
60099536,-5.26875000000001,56.0854166666667,-24.173999786377
60099537,-5.26458333333335,56.0854166666667,-27.5909996032715
60099538,-5.26041666666666,56.0854166666667,-34.1520004272461
60099539,-5.25624999999999,56.0854166666667,-34.0530014038086
60099540,-5.25208333333333,56.0854166666667,-28.5240001678467
60099541,-5.24791666666667,56.0854166666667,-21.9519996643066
60099542,-5.24375000000001,56.0854166666667,-21.1200008392334
60099543,-5.23958333333334,56.0854166666667,-5.40299987792969
60109135,-5.27291666666667,56.0895833333333,-9.97900009155273
60109136,-5.26875000000001,56.0895833333333,-11.5459995269775
60109137,-5.26458333333335,56.0895833333333,-20.5160007476807
60109138,-5.26041666666666,56.0895833333333,-32.8629989624023
60109139,-5.25624999999999,56.0895833333333,-38.007999420166
60109140,-5.25208333333333,56.0895833333333,-38.060001373291
60109141,-5.24791666666667,56.0895833333333,-41.6730003356934
60109142,-5.24375000000001,56.0895833333333,-48.5750007629395
60109143,-5.23958333333334,56.0895833333333,-31.0200004577637
60109144,-5.23541666666668,56.0895833333333,-4.58900022506714
60118737,-5.26458333333335,56.09375,-2.64499998092651
60118738,-5.26041666666666,56.09375,-18.1700000762939
60118739,-5.25624999999999,56.09375,-35.7809982299805
60118740,-5.25208333333333,56.09375,-39.2939987182617
60118741,-5.24791666666667,56.09375,-47.5690002441406
60118742,-5.24375000000001,56.09375,-53.4459991455078
60118743,-5.23958333333334,56.09375,-51.3689994812012
60118744,-5.23541666666668,56.09375,-42.1549987792969
60118745,-5.23124999999999,56.09375,-24.9209995269775
60128339,-5.25624999999999,56.0979166666667,-23.4409999847412
60128340,-5.25208333333333,56.0979166666667,-39.0960006713867
60128341,-5.24791666666667,56.0979166666667,-29.5189990997314
60128342,-5.24375000000001,56.0979166666667,-44.8089981079102
60128343,-5.23958333333334,56.0979166666667,-69.1579971313477
60128344,-5.23541666666668,56.0979166666667,-56.7519989013672
60128345,-5.23124999999999,56.0979166666667,-40.0060005187988
60128346,-5.22708333333333,56.0979166666667,-24.5669994354248
60137940,-5.25208333333333,56.1020833333333,-27.0429992675781
60137941,-5.24791666666667,56.1020833333333,-12.8739995956421
60137942,-5.24375000000001,56.1020833333333,-18.5009994506836
60137943,-5.23958333333334,56.1020833333333,-39.984001159668
60137944,-5.23541666666668,56.1020833333333,-36.5250015258789
60137945,-5.23124999999999,56.1020833333333,-25.7749996185303
60137946,-5.22708333333333,56.1020833333333,-21.3920001983643
60137947,-5.22291666666666,56.1020833333333,-18.4969997406006
60137948,-5.21875,56.1020833333333,-6.26399993896484
60147540,-5.25208333333333,56.10625,-11.5369997024536
60147541,-5.24791666666667,56.10625,-20.1389999389648
60147542,-5.24375000000001,56.10625,-20.8250007629395
60147543,-5.23958333333334,56.10625,-18.8159999847412
60147544,-5.23541666666668,56.10625,-23.5650005340576
60147545,-5.23124999999999,56.10625,-27.9619998931885
60147546,-5.22708333333333,56.10625,-31.4039993286133
60147547,-5.22291666666666,56.10625,-31.0009994506836
60147548,-5.21875,56.10625,-21.443000793457
60147549,-5.21458333333334,56.10625,-4.88700008392334
60157140,-5.25208333333333,56.1104166666667,-8.38799953460693
60157141,-5.24791666666667,56.1104166666667,-26.0779991149902
60157142,-5.24375000000001,56.1104166666667,-36.5480003356934
60157143,-5.23958333333334,56.1104166666667,-38.5289993286133
60157144,-5.23541666666668,56.1104166666667,-34.8569984436035
60157145,-5.23124999999999,56.1104166666667,-32.7060012817383
60157146,-5.22708333333333,56.1104166666667,-27.0170001983643
60157147,-5.22291666666666,56.1104166666667,-21.1140003204346
60157148,-5.21875,56.1104166666667,-18.056999206543
60157149,-5.21458333333334,56.1104166666667,-20.4190006256104
60166740,-5.25208333333333,56.1145833333333,-0.386000007390976
60166741,-5.24791666666667,56.1145833333333,-20.992000579834
60166742,-5.24375000000001,56.1145833333333,-39.4500007629395
60166743,-5.23958333333334,56.1145833333333,-41.7939987182617
60166744,-5.23541666666668,56.1145833333333,-38.3380012512207
60166745,-5.23124999999999,56.1145833333333,-43.9609985351562
60166746,-5.22708333333333,56.1145833333333,-32.2799987792969
60166747,-5.22291666666666,56.1145833333333,-14.9519996643066
60166748,-5.21875,56.1145833333333,-8.97200012207031
60166749,-5.21458333333334,56.1145833333333,-5.34700012207031
60176342,-5.24375000000001,56.11875,-18.826000213623
60176343,-5.23958333333334,56.11875,-28.1219997406006
60176344,-5.23541666666668,56.11875,-33.2050018310547
60176345,-5.23124999999999,56.11875,-48.3120002746582
60176346,-5.22708333333333,56.11875,-47.3450012207031
60176347,-5.22291666666666,56.11875,-31.8889999389648
60176348,-5.21875,56.11875,-19.6630001068115
60176349,-5.21458333333334,56.11875,-11.9399995803833
60176350,-5.21041666666667,56.11875,-0.275000005960464
60185944,-5.23541666666668,56.1229166666667,-11.25
60185945,-5.23124999999999,56.1229166666667,-35.0530014038086
60185946,-5.22708333333333,56.1229166666667,-54.3320007324219
60185947,-5.22291666666666,56.1229166666667,-53.3779983520508
60185948,-5.21875,56.1229166666667,-39.2830009460449
60185949,-5.21458333333334,56.1229166666667,-34.3870010375977
60185950,-5.21041666666667,56.1229166666667,-12.6780004501343
60195546,-5.22708333333333,56.1270833333333,-23.4379997253418
60195547,-5.22291666666666,56.1270833333333,-36.2200012207031
60195548,-5.21875,56.1270833333333,-33.9949989318848
60195549,-5.21458333333334,56.1270833333333,-36.4150009155273
60195550,-5.21041666666667,56.1270833333333,-31.7600002288818
60195551,-5.20625000000001,56.1270833333333,-2.71399998664856
60205148,-5.21875,56.13125,-6.72900009155273
60205149,-5.21458333333334,56.13125,-33.2519989013672
60205150,-5.21041666666667,56.13125,-58.4039993286133
60205151,-5.20625000000001,56.13125,-50.5589981079102
60205152,-5.20208333333335,56.13125,-23.0270004272461
60205153,-5.19791666666666,56.13125,-10.6350002288818
60214749,-5.21458333333334,56.1354166666667,-31.863000869751
60214750,-5.21041666666667,56.1354166666667,-96.1139984130859
60214751,-5.20625000000001,56.1354166666667,-113.725997924805
60214752,-5.20208333333335,56.1354166666667,-82.8820037841797
60214753,-5.19791666666666,56.1354166666667,-55.1469993591309
60214754,-5.19374999999999,56.1354166666667,-30.1380004882812
60214755,-5.18958333333333,56.1354166666667,-11.8339996337891
60214756,-5.18541666666667,56.1354166666667,-5.27299976348877
60224350,-5.21041666666667,56.1395833333333,-55.6520004272461
60224351,-5.20625000000001,56.1395833333333,-87.4919967651367
60224352,-5.20208333333335,56.1395833333333,-72.802001953125
60224353,-5.19791666666666,56.1395833333333,-62.5260009765625
60224354,-5.19374999999999,56.1395833333333,-67.5609970092773
60224355,-5.18958333333333,56.1395833333333,-76.1080017089844
60224356,-5.18541666666667,56.1395833333333,-73.9690017700195
60224357,-5.18125000000001,56.1395833333333,-60.0970001220703
60224358,-5.17708333333334,56.1395833333333,-39.4939994812012
60224359,-5.17291666666668,56.1395833333333,-16.5170001983643
60224360,-5.16874999999999,56.1395833333333,-5.7519998550415
60224361,-5.16458333333333,56.1395833333333,-10.0939998626709
60224362,-5.16041666666666,56.1395833333333,-13.58899974823
60224363,-5.15625,56.1395833333333,-14.5109996795654
60224364,-5.15208333333334,56.1395833333333,-6.80200004577637
60233952,-5.20208333333335,56.14375,-20.496000289917
60233953,-5.19791666666666,56.14375,-59.8429985046387
60233954,-5.19374999999999,56.14375,-101.931999206543
60233955,-5.18958333333333,56.14375,-111.294998168945
60233956,-5.18541666666667,56.14375,-87.4670028686523
60233957,-5.18125000000001,56.14375,-66.6129989624023
60233958,-5.17708333333334,56.14375,-52.1570014953613
60233959,-5.17291666666668,56.14375,-43.5750007629395
60233960,-5.16874999999999,56.14375,-46.351001739502
60233961,-5.16458333333333,56.14375,-59.976001739502
60233962,-5.16041666666666,56.14375,-76.2259979248047
60233963,-5.15625,56.14375,-76.734001159668
60233964,-5.15208333333334,56.14375,-61.1020011901855
60233965,-5.14791666666667,56.14375,-46.9469985961914
60233966,-5.14375000000001,56.14375,-30.4720001220703
60233967,-5.13958333333335,56.14375,-8.31700038909912
60243553,-5.19791666666666,56.1479166666667,-10.5880002975464
60243554,-5.19374999999999,56.1479166666667,-64.1139984130859
60243555,-5.18958333333333,56.1479166666667,-87.4120025634766
60243556,-5.18541666666667,56.1479166666667,-66.6490020751953
60243557,-5.18125000000001,56.1479166666667,-51.6370010375977
60243558,-5.17708333333334,56.1479166666667,-44.7120018005371
60243559,-5.17291666666668,56.1479166666667,-43.7890014648438
60243560,-5.16874999999999,56.1479166666667,-49.8349990844727
60243561,-5.16458333333333,56.1479166666667,-63.9630012512207
60243562,-5.16041666666666,56.1479166666667,-85.109001159668
60243563,-5.15625,56.1479166666667,-92.2440032958984
60243564,-5.15208333333334,56.1479166666667,-86.0510025024414
60243565,-5.14791666666667,56.1479166666667,-87.4390029907227
60243566,-5.14375000000001,56.1479166666667,-78.9670028686523
60243567,-5.13958333333335,56.1479166666667,-52.6360015869141
60243568,-5.13541666666666,56.1479166666667,-23.6070003509521
60243569,-5.13124999999999,56.1479166666667,-8.6870002746582
60243570,-5.12708333333333,56.1479166666667,-4.48199987411499
60253155,-5.18958333333333,56.1520833333333,-4.4210000038147
60253156,-5.18541666666667,56.1520833333333,-7.40500020980835
60253160,-5.16874999999999,56.1520833333333,-9.49699974060059
60253161,-5.16458333333333,56.1520833333333,-34.6749992370605
60253162,-5.16041666666666,56.1520833333333,-48.2789993286133
60253163,-5.15625,56.1520833333333,-58.5950012207031
60253164,-5.15208333333334,56.1520833333333,-69.1279983520508
60253165,-5.14791666666667,56.1520833333333,-86.5289993286133
60253166,-5.14375000000001,56.1520833333333,-104.834999084473
60253167,-5.13958333333335,56.1520833333333,-96.5479965209961
60253168,-5.13541666666666,56.1520833333333,-71.5739974975586
60253169,-5.13124999999999,56.1520833333333,-71.9869995117188
60253170,-5.12708333333333,56.1520833333333,-80.7350006103516
60253171,-5.12291666666667,56.1520833333333,-55.2910003662109
60253172,-5.11875000000001,56.1520833333333,-17.5440006256104
60262764,-5.15208333333334,56.15625,-1.5789999961853
60262765,-5.14791666666667,56.15625,-22.1119995117188
60262766,-5.14375000000001,56.15625,-43.6839981079102
60262767,-5.13958333333335,56.15625,-69.6660003662109
60262768,-5.13541666666666,56.15625,-94.1999969482422
60262769,-5.13124999999999,56.15625,-106.670997619629
60262770,-5.12708333333333,56.15625,-120.542999267578
60262771,-5.12291666666667,56.15625,-109.236000061035
60262772,-5.11875000000001,56.15625,-79.5950012207031
60262773,-5.11458333333334,56.15625,-44.6020011901855
60262774,-5.11041666666668,56.15625,-14.7740001678467
60272368,-5.13541666666666,56.1604166666667,-4.09100008010864
60272369,-5.13124999999999,56.1604166666667,-66.0719985961914
60272370,-5.12708333333333,56.1604166666667,-130.977005004883
60272371,-5.12291666666667,56.1604166666667,-131.412994384766
60272372,-5.11875000000001,56.1604166666667,-112.588996887207
60272373,-5.11458333333334,56.1604166666667,-95.8460006713867
60272374,-5.11041666666668,56.1604166666667,-82.8040008544922
60272375,-5.10624999999999,56.1604166666667,-65.6169967651367
60272376,-5.10208333333333,56.1604166666667,-35.4869995117188
60272377,-5.09791666666666,56.1604166666667,-8.90799999237061
60281970,-5.12708333333333,56.1645833333333,-66.4700012207031
60281971,-5.12291666666667,56.1645833333333,-117.552001953125
60281972,-5.11875000000001,56.1645833333333,-107.210998535156
60281973,-5.11458333333334,56.1645833333333,-104.142997741699
60281974,-5.11041666666668,56.1645833333333,-107.49299621582
60281975,-5.10624999999999,56.1645833333333,-100.468002319336
60281976,-5.10208333333333,56.1645833333333,-72.7419967651367
60281977,-5.09791666666666,56.1645833333333,-40.1269989013672
60281978,-5.09375,56.1645833333333,-15.0200004577637
60281979,-5.08958333333334,56.1645833333333,-1.40799999237061
60291571,-5.12291666666667,56.16875,-12.8450002670288
60291572,-5.11875000000001,56.16875,-44.8549995422363
60291573,-5.11458333333334,56.16875,-73.9580001831055
60291574,-5.11041666666668,56.16875,-84.6259994506836
60291575,-5.10624999999999,56.16875,-86.5790023803711
60291576,-5.10208333333333,56.16875,-74.9209976196289
60291577,-5.09791666666666,56.16875,-58.5670013427734
60291578,-5.09375,56.16875,-46.1660003662109
60291579,-5.08958333333334,56.16875,-22.0400009155273
60301173,-5.11458333333334,56.1729166666667,-28.9759998321533
60301174,-5.11041666666668,56.1729166666667,-58.693000793457
60301175,-5.10624999999999,56.1729166666667,-71.911003112793
60301176,-5.10208333333333,56.1729166666667,-77.8359985351562
60301177,-5.09791666666666,56.1729166666667,-81.7409973144531
60301178,-5.09375,56.1729166666667,-85.2779998779297
60301179,-5.08958333333334,56.1729166666667,-35.0859985351562
60310774,-5.11041666666668,56.1770833333333,-10.1660003662109
60310775,-5.10624999999999,56.1770833333333,-45.6829986572266
60310776,-5.10208333333333,56.1770833333333,-75.3199996948242
60310777,-5.09791666666666,56.1770833333333,-105.502998352051
60310778,-5.09375,56.1770833333333,-122.208999633789
60310779,-5.08958333333334,56.1770833333333,-88.161003112793
60310780,-5.08541666666667,56.1770833333333,-16.4139995574951
60320375,-5.10624999999999,56.18125,-30.2479991912842
60320376,-5.10208333333333,56.18125,-66.9530029296875
60320377,-5.09791666666666,56.18125,-117.689002990723
60320378,-5.09375,56.18125,-153.397003173828
60320379,-5.08958333333334,56.18125,-148.914001464844
60320380,-5.08541666666667,56.18125,-82.4749984741211
60329975,-5.10624999999999,56.1854166666667,-11.6370000839233
60329976,-5.10208333333333,56.1854166666667,-57.7599983215332
60329977,-5.09791666666666,56.1854166666667,-107.430000305176
60329978,-5.09375,56.1854166666667,-151.393997192383
60329979,-5.08958333333334,56.1854166666667,-151.537994384766
60329980,-5.08541666666667,56.1854166666667,-113.611999511719
60329981,-5.08125000000001,56.1854166666667,-34.693000793457
60339576,-5.10208333333333,56.1895833333333,-41.9799995422363
60339577,-5.09791666666666,56.1895833333333,-89.6429977416992
60339578,-5.09375,56.1895833333333,-137.231994628906
60339579,-5.08958333333334,56.1895833333333,-148.699005126953
60339580,-5.08541666666667,56.1895833333333,-119.615997314453
60339581,-5.08125000000001,56.1895833333333,-64.1679992675781
60339582,-5.07708333333335,56.1895833333333,-0.337000012397766
60349176,-5.10208333333333,56.19375,-15.08899974823
60349177,-5.09791666666666,56.19375,-57.5369987487793
60349178,-5.09375,56.19375,-121.264999389648
60349179,-5.08958333333334,56.19375,-152.035995483398
60349180,-5.08541666666667,56.19375,-128.022994995117
60349181,-5.08125000000001,56.19375,-101.827003479004
60349182,-5.07708333333335,56.19375,-60.6030006408691
60358777,-5.09791666666666,56.1979166666667,-27.9850006103516
60358778,-5.09375,56.1979166666667,-70.0080032348633
60358779,-5.08958333333334,56.1979166666667,-104.241996765137
60358780,-5.08541666666667,56.1979166666667,-110.444999694824
60358781,-5.08125000000001,56.1979166666667,-115.892997741699
60358782,-5.07708333333335,56.1979166666667,-125.06600189209
60358783,-5.07291666666666,56.1979166666667,-89.2080001831055
60368377,-5.09791666666666,56.2020833333333,-4.34999990463257
60368378,-5.09375,56.2020833333333,-25.4669990539551
60368379,-5.08958333333334,56.2020833333333,-47.5390014648438
60368380,-5.08541666666667,56.2020833333333,-72.8320007324219
60368381,-5.08125000000001,56.2020833333333,-104.175003051758
60368382,-5.07708333333335,56.2020833333333,-139.369995117188
60368383,-5.07291666666666,56.2020833333333,-144.498001098633
60368384,-5.06874999999999,56.2020833333333,-83.7600021362305
60377978,-5.09375,56.20625,-3.2960000038147
60377979,-5.08958333333334,56.20625,-19.9829998016357
60377980,-5.08541666666667,56.20625,-38.6800003051758
60377981,-5.08125000000001,56.20625,-78.7649993896484
60377982,-5.07708333333335,56.20625,-120.283996582031
60377983,-5.07291666666666,56.20625,-132.744003295898
60377984,-5.06874999999999,56.20625,-113.55899810791
60377985,-5.06458333333333,56.20625,-65.6839981079102
60377986,-5.06041666666667,56.20625,-3.33699989318848
60387580,-5.08541666666667,56.2104166666667,-19.9419994354248
60387581,-5.08125000000001,56.2104166666667,-59.2550010681152
60387582,-5.07708333333335,56.2104166666667,-97.0090026855469
60387583,-5.07291666666666,56.2104166666667,-110.291999816895
60387584,-5.06874999999999,56.2104166666667,-95.7639999389648
60387585,-5.06458333333333,56.2104166666667,-77.2089996337891
60387586,-5.06041666666667,56.2104166666667,-39.7690010070801
60387587,-5.05625000000001,56.2104166666667,-3.51099991798401
60397180,-5.08541666666667,56.2145833333333,-5.03599977493286
60397181,-5.08125000000001,56.2145833333333,-39.5219993591309
60397182,-5.07708333333335,56.2145833333333,-69.0220031738281
60397183,-5.07291666666666,56.2145833333333,-86.0090026855469
60397184,-5.06874999999999,56.2145833333333,-86.0199966430664
60397185,-5.06458333333333,56.2145833333333,-74.8190002441406
60397186,-5.06041666666667,56.2145833333333,-66.8809967041016
60397187,-5.05625000000001,56.2145833333333,-55.689998626709
60397188,-5.05208333333334,56.2145833333333,-23.9449996948242
60406781,-5.08125000000001,56.21875,-20.6180000305176
60406782,-5.07708333333335,56.21875,-57.0029983520508
60406783,-5.07291666666666,56.21875,-79.0609970092773
60406784,-5.06874999999999,56.21875,-86.4830017089844
60406785,-5.06458333333333,56.21875,-91.8050003051758
60406786,-5.06041666666667,56.21875,-98.2289962768555
60406787,-5.05625000000001,56.21875,-87.3249969482422
60406788,-5.05208333333334,56.21875,-58.9490013122559
60406789,-5.04791666666668,56.21875,-24.7000007629395
60406790,-5.04374999999999,56.21875,-4.52199983596802
60416382,-5.07708333333335,56.2229166666667,-25.3649997711182
60416383,-5.07291666666666,56.2229166666667,-53.1940002441406
60416384,-5.06874999999999,56.2229166666667,-70.8199996948242
60416385,-5.06458333333333,56.2229166666667,-90.2829971313477
60416386,-5.06041666666667,56.2229166666667,-108.083000183105
60416387,-5.05625000000001,56.2229166666667,-104.537002563477
60416388,-5.05208333333334,56.2229166666667,-81.068000793457
60416389,-5.04791666666668,56.2229166666667,-58.9679985046387
60416390,-5.04374999999999,56.2229166666667,-47.8059997558594
60416391,-5.03958333333333,56.2229166666667,-32.3629989624023
60416392,-5.03541666666666,56.2229166666667,-12.2489995956421
60425983,-5.07291666666666,56.2270833333333,-10.9329996109009
60425984,-5.06874999999999,56.2270833333333,-38.3870010375977
60425985,-5.06458333333333,56.2270833333333,-75.1920013427734
60425986,-5.06041666666667,56.2270833333333,-98.8830032348633
60425987,-5.05625000000001,56.2270833333333,-101.205001831055
60425988,-5.05208333333334,56.2270833333333,-92.1039962768555
60425989,-5.04791666666668,56.2270833333333,-86.5329971313477
60425990,-5.04374999999999,56.2270833333333,-90.7679977416992
60425991,-5.03958333333333,56.2270833333333,-85.8470001220703
60425992,-5.03541666666666,56.2270833333333,-63.7229995727539
60425993,-5.03125,56.2270833333333,-39.9300003051758
60425994,-5.02708333333334,56.2270833333333,-27.7730007171631
60425995,-5.02291666666667,56.2270833333333,-17.5960006713867
60435584,-5.06874999999999,56.23125,-19.367000579834
60435585,-5.06458333333333,56.23125,-59.6969985961914
60435586,-5.06041666666667,56.23125,-85.8239974975586
60435587,-5.05625000000001,56.23125,-90.5490036010742
60435588,-5.05208333333334,56.23125,-83.2229995727539
60435589,-5.04791666666668,56.23125,-78.3470001220703
60435590,-5.04374999999999,56.23125,-82.7190017700195
60435591,-5.03958333333333,56.23125,-81.6389999389648
60435592,-5.03541666666666,56.23125,-66.7300033569336
60435593,-5.03125,56.23125,-59.6139984130859
60435594,-5.02708333333334,56.23125,-68.3349990844727
60435595,-5.02291666666667,56.23125,-69.8809967041016
60435596,-5.01875000000001,56.23125,-51.9189987182617
60435597,-5.01458333333335,56.23125,-25.996000289917
60435598,-5.01041666666666,56.23125,-6.29199981689453
60445184,-5.06874999999999,56.2354166666667,-4.66699981689453
60445185,-5.06458333333333,56.2354166666667,-36.7050018310547
60445186,-5.06041666666667,56.2354166666667,-71.7990036010742
60445187,-5.05625000000001,56.2354166666667,-75.3160018920898
60445188,-5.05208333333334,56.2354166666667,-48.8190002441406
60445189,-5.04791666666668,56.2354166666667,-14.4870004653931
60445193,-5.03125,56.2354166666667,-2.41000008583069
60445194,-5.02708333333334,56.2354166666667,-26.1459999084473
60445195,-5.02291666666667,56.2354166666667,-47.5550003051758
60445196,-5.01875000000001,56.2354166666667,-60.226001739502
60445197,-5.01458333333335,56.2354166666667,-80.4509963989258
60445198,-5.01041666666666,56.2354166666667,-116.646003723145
60445199,-5.00624999999999,56.2354166666667,-113.457000732422
60445200,-5.00208333333333,56.2354166666667,-68.3789978027344
60454785,-5.06458333333333,56.2395833333333,-0.0570000000298023
60454786,-5.06041666666667,56.2395833333333,-26.8199996948242
60454787,-5.05625000000001,56.2395833333333,-35.0610008239746
60454788,-5.05208333333334,56.2395833333333,-4.97900009155273
60454796,-5.01875000000001,56.2395833333333,-0.565999984741211
60454797,-5.01458333333335,56.2395833333333,-43.3139991760254
60454798,-5.01041666666666,56.2395833333333,-108.675003051758
60454799,-5.00624999999999,56.2395833333333,-99.7839965820312
60454800,-5.00208333333333,56.2395833333333,-43.0449981689453
60483590,-5.04374999999999,56.2520833333333,-0.328000009059906
60493081,-5.49791666666667,56.25625,-14.28600025177
60493082,-5.49375000000001,56.25625,-4.30399990081787
60502681,-5.49791666666667,56.2604166666667,-23.9619998931885
60502682,-5.49375000000001,56.2604166666667,-16.5919990539551
60502791,-5.03958333333333,56.2604166666667,-1.03900003433228
60512281,-5.49791666666667,56.2645833333333,-19.7709999084473
60512282,-5.49375000000001,56.2645833333333,-15.8590002059937
60521881,-5.49791666666667,56.26875,-17.75
60521882,-5.49375000000001,56.26875,-11.5450000762939
